stock1,stock2,ssd,correlation,hedge_ratio,r_squared,coint_p,spread_std
000532,600830,0.16968026517950693,0.16315506207646738,0.14706779785177107,0.026619574281176006,0.011594632712915321,0.12250332957553707
